source_url,link_url,link_title
https://en.wikipedia.org/wiki/R._E._Olds_Transportation_Museum,https://en.wikipedia.org/wiki/Category:Oldsmobile,Category:Oldsmobile - Wikipedia
https://en.wikipedia.org/wiki/R._E._Olds_Transportation_Museum,https://en.wikipedia.org/wiki/R._E._Olds_Transportation_Museum,R. E. Olds Transportation Museum - Wikipedia
https://en.wikipedia.org/wiki/R._E._Olds_Transportation_Museum,https://en.wikipedia.org/wiki/Wikipedia:Community_portal,Wikipedia:Community portal - Wikipedia
https://en.wikipedia.org/wiki/R._E._Olds_Transportation_Museum,https://en.wikipedia.org/wiki/REO_Speed_Wagon,REO Speed Wagon - Wikipedia
https://en.wikipedia.org/wiki/R._E._Olds_Transportation_Museum,https://en.wikipedia.org/wiki/Diamond_REO,Diamond Reo Trucks - Wikipedia
https://en.wikipedia.org/wiki/R._E._Olds_Transportation_Museum,https://en.wikipedia.org/wiki/Car,Car - Wikipedia
https://en.wikipedia.org/wiki/R._E._Olds_Transportation_Museum,https://en.wikipedia.org/wiki/Category:Articles_with_short_description,Category:Articles with short description - Wikipedia
https://en.wikipedia.org/wiki/R._E._Olds_Transportation_Museum,https://en.wikipedia.org/w/index.php?title=R._E._Olds_Transportation_Museum&action=info,"Information for ""R. E. Olds Transportation Museum"" - Wikipedia"
https://en.wikipedia.org/wiki/R._E._Olds_Transportation_Museum,https://en.wikipedia.org/wiki/Help:Introduction,Help:Introduction - Wikipedia
https://en.wikipedia.org/wiki/R._E._Olds_Transportation_Museum,https://en.wikipedia.org/wiki/Ransom_E._Olds,Ransom E. Olds - Wikipedia
https://en.wikipedia.org/wiki/Jack_Breslin_Student_Events_Center,https://en.wikipedia.org/wiki/Category:All_articles_with_dead_external_links,Category:All articles with dead external links - Wikipedia
https://en.wikipedia.org/wiki/Jack_Breslin_Student_Events_Center,https://en.wikipedia.org/wiki/1985%E2%80%9386_Michigan_State_Spartans_men%27s_basketball_team,1985–86 Michigan State Spartans men's basketball team - Wikipedia
https://en.wikipedia.org/wiki/Jack_Breslin_Student_Events_Center,https://en.wikipedia.org/wiki/List_of_Michigan_State_University_people,List of Michigan State University people - Wikipedia
https://en.wikipedia.org/wiki/Jack_Breslin_Student_Events_Center,https://en.wikipedia.org/wiki/2013%E2%80%9314_Michigan_State_Spartans_men%27s_basketball_team,2013–14 Michigan State Spartans men's basketball team - Wikipedia
https://en.wikipedia.org/wiki/Jack_Breslin_Student_Events_Center,https://en.wikipedia.org/wiki/Rick_Comley,Rick Comley - Wikipedia
https://en.wikipedia.org/wiki/Jack_Breslin_Student_Events_Center,https://en.wikipedia.org/wiki/Backstreet_Boys,Backstreet Boys - Wikipedia
https://en.wikipedia.org/wiki/Jack_Breslin_Student_Events_Center,https://en.wikipedia.org/wiki/1982%E2%80%9383_Michigan_State_Spartans_men%27s_basketball_team,1982–83 Michigan State Spartans men's basketball team - Wikipedia
https://en.wikipedia.org/wiki/Jack_Breslin_Student_Events_Center,https://en.wikipedia.org/wiki/Jenison_Fieldhouse,Jenison Fieldhouse - Wikipedia
https://en.wikipedia.org/wiki/Jack_Breslin_Student_Events_Center,https://en.wikipedia.org/wiki/1978%E2%80%9379_Michigan_State_Spartans_men%27s_basketball_team,1978–79 Michigan State Spartans men's basketball team - Wikipedia
https://en.wikipedia.org/wiki/Jack_Breslin_Student_Events_Center,https://en.wikipedia.org/wiki/Template_talk:Big_Ten_Conference_basketball_student_section_navbox,Template talk:Big Ten Conference basketball student section navbox - Wikipedia
https://en.wikipedia.org/wiki/Michigan_State_University#cite_ref-62,https://en.wikipedia.org/wiki/R._E._Olds_Transportation_Museum,R. E. Olds Transportation Museum - Wikipedia
https://en.wikipedia.org/wiki/Michigan_State_University#cite_ref-62,https://en.wikipedia.org/wiki/Jack_Breslin_Student_Events_Center,Breslin Student Events Center - Wikipedia
https://en.wikipedia.org/wiki/Michigan_State_University#cite_ref-62,https://en.wikipedia.org/wiki/Michigan_State_University#cite_ref-62,Michigan State University - Wikipedia
https://en.wikipedia.org/wiki/Michigan_State_University#cite_ref-62,https://en.wikipedia.org/wiki/1978%E2%80%9379_Michigan_State_Spartans_men%27s_basketball_team,1978–79 Michigan State Spartans men's basketball team - Wikipedia
https://en.wikipedia.org/wiki/Michigan_State_University#cite_ref-62,https://en.wikipedia.org/wiki/Wisconsin_Badgers_football,Wisconsin Badgers football - Wikipedia
https://en.wikipedia.org/wiki/Michigan_State_University#cite_ref-62,https://en.wikipedia.org/wiki/Michigan_State_University#cite_ref-donaldmcsween_279-0,Michigan State University - Wikipedia
https://en.wikipedia.org/wiki/Michigan_State_University#cite_ref-62,https://en.wikipedia.org/wiki/Michigan_State_University#cite_note-201,Michigan State University - Wikipedia
https://en.wikipedia.org/wiki/Michigan_State_University#cite_ref-62,https://en.wikipedia.org/wiki/University_of_Delaware,University of Delaware - Wikipedia
https://en.wikipedia.org/wiki/Michigan_State_University#cite_ref-62,https://en.wikipedia.org/wiki/Michigan_State_University#cite_note-9,Michigan State University - Wikipedia
https://en.wikipedia.org/wiki/Michigan_State_University#cite_ref-62,https://en.wikipedia.org/wiki/Michigan_State_University#cite_ref-magicjohnson_176-0,Michigan State University - Wikipedia
https://en.wikipedia.org/wiki/1978%E2%80%9379_Michigan_State_Spartans_men%27s_basketball_team,https://en.wikipedia.org/wiki/1985%E2%80%9386_Michigan_State_Spartans_men%27s_basketball_team,1985–86 Michigan State Spartans men's basketball team - Wikipedia
https://en.wikipedia.org/wiki/1978%E2%80%9379_Michigan_State_Spartans_men%27s_basketball_team,https://en.wikipedia.org/wiki/2013%E2%80%9314_Michigan_State_Spartans_men%27s_basketball_team,2013–14 Michigan State Spartans men's basketball team - Wikipedia
https://en.wikipedia.org/wiki/1978%E2%80%9379_Michigan_State_Spartans_men%27s_basketball_team,https://en.wikipedia.org/wiki/1949_NCAA_Basketball_Tournament,1949 NCAA Basketball Tournament - Wikipedia
https://en.wikipedia.org/wiki/1978%E2%80%9379_Michigan_State_Spartans_men%27s_basketball_team,https://en.wikipedia.org/w/index.php?title=1978%E2%80%9379_Michigan_State_Spartans_men%27s_basketball_team&printable=yes,1978–79 Michigan State Spartans men's basketball team - Wikipedia
https://en.wikipedia.org/wiki/1978%E2%80%9379_Michigan_State_Spartans_men%27s_basketball_team,https://en.wikipedia.org/wiki/1982%E2%80%9383_Michigan_State_Spartans_men%27s_basketball_team,1982–83 Michigan State Spartans men's basketball team - Wikipedia
https://en.wikipedia.org/wiki/1978%E2%80%9379_Michigan_State_Spartans_men%27s_basketball_team,https://en.wikipedia.org/wiki/Jenison_Fieldhouse,Jenison Fieldhouse - Wikipedia
https://en.wikipedia.org/wiki/1978%E2%80%9379_Michigan_State_Spartans_men%27s_basketball_team,https://en.wikipedia.org/wiki/1978%E2%80%9379_Michigan_State_Spartans_men%27s_basketball_team,1978–79 Michigan State Spartans men's basketball team - Wikipedia
https://en.wikipedia.org/wiki/1978%E2%80%9379_Michigan_State_Spartans_men%27s_basketball_team,https://en.wikipedia.org/wiki/1940%E2%80%9341_Wisconsin_Badgers_men%27s_basketball_team,1940–41 Wisconsin Badgers men's basketball team - Wikipedia
https://en.wikipedia.org/wiki/1978%E2%80%9379_Michigan_State_Spartans_men%27s_basketball_team,https://en.wikipedia.org/w/index.php?title=Special:CreateAccount&returnto=1978%E2%80%9379+Michigan+State+Spartans+men%27s+basketball+team,Create account - Wikipedia
https://en.wikipedia.org/wiki/1978%E2%80%9379_Michigan_State_Spartans_men%27s_basketball_team,https://en.wikipedia.org/wiki/1997_NCAA_Division_I_Men%27s_Basketball_Tournament,1997 NCAA Division I Men's Basketball Tournament - Wikipedia
https://en.wikipedia.org/wiki/Wisconsin_Badgers_football,https://en.wikipedia.org/wiki/Outside_linebacker,Linebacker - Wikipedia
https://en.wikipedia.org/wiki/Wisconsin_Badgers_football,https://en.wikipedia.org/wiki/1972_Big_Ten_Conference_football_season,1972 Big Ten Conference football season - Wikipedia
https://en.wikipedia.org/wiki/Wisconsin_Badgers_football,https://en.wikipedia.org/wiki/Al_Johnson_(guard),Al Johnson (guard) - Wikipedia
https://en.wikipedia.org/wiki/Wisconsin_Badgers_football,https://en.wikipedia.org/wiki/Wisconsin_Badgers_men%27s_ice_hockey,Wisconsin Badgers men's ice hockey - Wikipedia
https://en.wikipedia.org/wiki/Wisconsin_Badgers_football,https://en.wikipedia.org/wiki/1952_USC_Trojans_football_team,1952 USC Trojans football team - Wikipedia
https://en.wikipedia.org/wiki/Wisconsin_Badgers_football,https://en.wikipedia.org/wiki/2014_Capital_One_Bowl,2014 Capital One Bowl - Wikipedia
https://en.wikipedia.org/wiki/Wisconsin_Badgers_football,https://en.wikipedia.org/wiki/1961_Big_Ten_Conference_football_season,1961 Big Ten Conference football season - Wikipedia
https://en.wikipedia.org/wiki/Wisconsin_Badgers_football,https://en.wikipedia.org/wiki/Category:All_articles_needing_additional_references,Category:All articles needing additional references - Wikipedia
https://en.wikipedia.org/wiki/Wisconsin_Badgers_football,https://en.wikipedia.org/wiki/1962_College_Football_All-America_Team,1962 College Football All-America Team - Wikipedia
https://en.wikipedia.org/wiki/Wisconsin_Badgers_football,https://en.wikipedia.org/wiki/1998_College_Football_All-America_Team,1998 College Football All-America Team - Wikipedia
https://en.wikipedia.org/wiki/Michigan_State_University#cite_ref-donaldmcsween_279-0,https://en.wikipedia.org/wiki/R._E._Olds_Transportation_Museum,R. E. Olds Transportation Museum - Wikipedia
https://en.wikipedia.org/wiki/Michigan_State_University#cite_ref-donaldmcsween_279-0,https://en.wikipedia.org/wiki/Jack_Breslin_Student_Events_Center,Breslin Student Events Center - Wikipedia
https://en.wikipedia.org/wiki/Michigan_State_University#cite_ref-donaldmcsween_279-0,https://en.wikipedia.org/wiki/Michigan_State_University#cite_ref-62,Michigan State University - Wikipedia
https://en.wikipedia.org/wiki/Michigan_State_University#cite_ref-donaldmcsween_279-0,https://en.wikipedia.org/wiki/1978%E2%80%9379_Michigan_State_Spartans_men%27s_basketball_team,1978–79 Michigan State Spartans men's basketball team - Wikipedia
https://en.wikipedia.org/wiki/Michigan_State_University#cite_ref-donaldmcsween_279-0,https://en.wikipedia.org/wiki/Wisconsin_Badgers_football,Wisconsin Badgers football - Wikipedia
https://en.wikipedia.org/wiki/Michigan_State_University#cite_ref-donaldmcsween_279-0,https://en.wikipedia.org/wiki/Michigan_State_University#cite_ref-donaldmcsween_279-0,Michigan State University - Wikipedia
https://en.wikipedia.org/wiki/Michigan_State_University#cite_ref-donaldmcsween_279-0,https://en.wikipedia.org/wiki/Michigan_State_University#cite_note-201,Michigan State University - Wikipedia
https://en.wikipedia.org/wiki/Michigan_State_University#cite_ref-donaldmcsween_279-0,https://en.wikipedia.org/wiki/University_of_Delaware,University of Delaware - Wikipedia
https://en.wikipedia.org/wiki/Michigan_State_University#cite_ref-donaldmcsween_279-0,https://en.wikipedia.org/wiki/Michigan_State_University#cite_note-9,Michigan State University - Wikipedia
https://en.wikipedia.org/wiki/Michigan_State_University#cite_ref-donaldmcsween_279-0,https://en.wikipedia.org/wiki/Michigan_State_University#cite_ref-magicjohnson_176-0,Michigan State University - Wikipedia
https://en.wikipedia.org/wiki/Michigan_State_University#cite_note-201,https://en.wikipedia.org/wiki/R._E._Olds_Transportation_Museum,R. E. Olds Transportation Museum - Wikipedia
https://en.wikipedia.org/wiki/Michigan_State_University#cite_note-201,https://en.wikipedia.org/wiki/Jack_Breslin_Student_Events_Center,Breslin Student Events Center - Wikipedia
https://en.wikipedia.org/wiki/Michigan_State_University#cite_note-201,https://en.wikipedia.org/wiki/Michigan_State_University#cite_ref-62,Michigan State University - Wikipedia
https://en.wikipedia.org/wiki/Michigan_State_University#cite_note-201,https://en.wikipedia.org/wiki/1978%E2%80%9379_Michigan_State_Spartans_men%27s_basketball_team,1978–79 Michigan State Spartans men's basketball team - Wikipedia
https://en.wikipedia.org/wiki/Michigan_State_University#cite_note-201,https://en.wikipedia.org/wiki/Wisconsin_Badgers_football,Wisconsin Badgers football - Wikipedia
https://en.wikipedia.org/wiki/Michigan_State_University#cite_note-201,https://en.wikipedia.org/wiki/Michigan_State_University#cite_ref-donaldmcsween_279-0,Michigan State University - Wikipedia
https://en.wikipedia.org/wiki/Michigan_State_University#cite_note-201,https://en.wikipedia.org/wiki/Michigan_State_University#cite_note-201,Michigan State University - Wikipedia
https://en.wikipedia.org/wiki/Michigan_State_University#cite_note-201,https://en.wikipedia.org/wiki/University_of_Delaware,University of Delaware - Wikipedia
https://en.wikipedia.org/wiki/Michigan_State_University#cite_note-201,https://en.wikipedia.org/wiki/Michigan_State_University#cite_note-9,Michigan State University - Wikipedia
https://en.wikipedia.org/wiki/Michigan_State_University#cite_note-201,https://en.wikipedia.org/wiki/Michigan_State_University#cite_ref-magicjohnson_176-0,Michigan State University - Wikipedia
https://en.wikipedia.org/wiki/University_of_Delaware,https://en.wikipedia.org/wiki/Category:All_articles_with_dead_external_links,Category:All articles with dead external links - Wikipedia
https://en.wikipedia.org/wiki/University_of_Delaware,https://et.wikipedia.org/wiki/Delaware%27i_%C3%BClikool,Delaware'i ülikool – Vikipeedia
https://en.wikipedia.org/wiki/University_of_Delaware,https://en.wikipedia.org/wiki/University_of_Delaware#cite_ref-103,University of Delaware - Wikipedia
https://en.wikipedia.org/wiki/University_of_Delaware,https://en.wikipedia.org/wiki/University_of_Delaware#cite_ref-Rankings_THES_W_32-0,University of Delaware - Wikipedia
https://en.wikipedia.org/wiki/University_of_Delaware,https://en.wikipedia.org/wiki/University_of_Delaware#Alcohol_use_disorder,University of Delaware - Wikipedia
https://en.wikipedia.org/wiki/University_of_Delaware,https://en.wikipedia.org/wiki/Template:Public_Ivy,Template:Public Ivy - Wikipedia
https://en.wikipedia.org/wiki/University_of_Delaware,https://ca.wikipedia.org/wiki/Universitat_de_Delaware,"Universitat de Delaware - Viquipèdia, l'enciclopèdia lliure"
https://en.wikipedia.org/wiki/University_of_Delaware,https://en.wikipedia.org/wiki/Richard_F._Heck,Richard F. Heck - Wikipedia
https://en.wikipedia.org/wiki/University_of_Delaware,https://sv.wikipedia.org/wiki/University_of_Delaware,University of Delaware – Wikipedia
https://en.wikipedia.org/wiki/University_of_Delaware,https://en.wikipedia.org/wiki/Georgetown_University,Georgetown University - Wikipedia
https://en.wikipedia.org/wiki/Michigan_State_University#cite_note-9,https://en.wikipedia.org/wiki/R._E._Olds_Transportation_Museum,R. E. Olds Transportation Museum - Wikipedia
https://en.wikipedia.org/wiki/Michigan_State_University#cite_note-9,https://en.wikipedia.org/wiki/Jack_Breslin_Student_Events_Center,Breslin Student Events Center - Wikipedia
https://en.wikipedia.org/wiki/Michigan_State_University#cite_note-9,https://en.wikipedia.org/wiki/Michigan_State_University#cite_ref-62,Michigan State University - Wikipedia
https://en.wikipedia.org/wiki/Michigan_State_University#cite_note-9,https://en.wikipedia.org/wiki/1978%E2%80%9379_Michigan_State_Spartans_men%27s_basketball_team,1978–79 Michigan State Spartans men's basketball team - Wikipedia
https://en.wikipedia.org/wiki/Michigan_State_University#cite_note-9,https://en.wikipedia.org/wiki/Wisconsin_Badgers_football,Wisconsin Badgers football - Wikipedia
https://en.wikipedia.org/wiki/Michigan_State_University#cite_note-9,https://en.wikipedia.org/wiki/Michigan_State_University#cite_ref-donaldmcsween_279-0,Michigan State University - Wikipedia
https://en.wikipedia.org/wiki/Michigan_State_University#cite_note-9,https://en.wikipedia.org/wiki/Michigan_State_University#cite_note-201,Michigan State University - Wikipedia
https://en.wikipedia.org/wiki/Michigan_State_University#cite_note-9,https://en.wikipedia.org/wiki/University_of_Delaware,University of Delaware - Wikipedia
https://en.wikipedia.org/wiki/Michigan_State_University#cite_note-9,https://en.wikipedia.org/wiki/Michigan_State_University#cite_note-9,Michigan State University - Wikipedia
https://en.wikipedia.org/wiki/Michigan_State_University#cite_note-9,https://en.wikipedia.org/wiki/Michigan_State_University#cite_ref-magicjohnson_176-0,Michigan State University - Wikipedia
https://en.wikipedia.org/wiki/Michigan_State_University#cite_ref-magicjohnson_176-0,https://en.wikipedia.org/wiki/R._E._Olds_Transportation_Museum,R. E. Olds Transportation Museum - Wikipedia
https://en.wikipedia.org/wiki/Michigan_State_University#cite_ref-magicjohnson_176-0,https://en.wikipedia.org/wiki/Jack_Breslin_Student_Events_Center,Breslin Student Events Center - Wikipedia
https://en.wikipedia.org/wiki/Michigan_State_University#cite_ref-magicjohnson_176-0,https://en.wikipedia.org/wiki/Michigan_State_University#cite_ref-62,Michigan State University - Wikipedia
https://en.wikipedia.org/wiki/Michigan_State_University#cite_ref-magicjohnson_176-0,https://en.wikipedia.org/wiki/1978%E2%80%9379_Michigan_State_Spartans_men%27s_basketball_team,1978–79 Michigan State Spartans men's basketball team - Wikipedia
https://en.wikipedia.org/wiki/Michigan_State_University#cite_ref-magicjohnson_176-0,https://en.wikipedia.org/wiki/Wisconsin_Badgers_football,Wisconsin Badgers football - Wikipedia
https://en.wikipedia.org/wiki/Michigan_State_University#cite_ref-magicjohnson_176-0,https://en.wikipedia.org/wiki/Michigan_State_University#cite_ref-donaldmcsween_279-0,Michigan State University - Wikipedia
https://en.wikipedia.org/wiki/Michigan_State_University#cite_ref-magicjohnson_176-0,https://en.wikipedia.org/wiki/Michigan_State_University#cite_note-201,Michigan State University - Wikipedia
https://en.wikipedia.org/wiki/Michigan_State_University#cite_ref-magicjohnson_176-0,https://en.wikipedia.org/wiki/University_of_Delaware,University of Delaware - Wikipedia
https://en.wikipedia.org/wiki/Michigan_State_University#cite_ref-magicjohnson_176-0,https://en.wikipedia.org/wiki/Michigan_State_University#cite_note-9,Michigan State University - Wikipedia
https://en.wikipedia.org/wiki/Michigan_State_University#cite_ref-magicjohnson_176-0,https://en.wikipedia.org/wiki/Michigan_State_University#cite_ref-magicjohnson_176-0,Michigan State University - Wikipedia
